{"cameraMode":{"drawMode":0,"name":"Shaded","section":"Shading Mode"},"sceneLighting":true,"audioPlay":false,"sceneViewState":{"m_AlwaysRefresh":false,"showFog":true,"showSkybox":true,"showFlares":true,"showImageEffects":true,"showParticleSystems":true,"showVisualEffectGraphs":true,"m_FxEnabled":true},"in2DMode":false,"pivot":{"x":870.5081787109375,"y":885.908935546875,"z":-237.23016357421876},"rotation":{"x":-0.011290507391095162,"y":0.8963369727134705,"z":-0.022861268371343614,"w":-0.44264280796051028},"size":787.8577270507813,"orthographic":false}